Unnamed: 0,cover_id,title,author,year,genre,genre_alts,pixel_count,mean_brightness,mean_hue,mean_saturation,entropy
257,5010523,DiscoveryWorks,William Badders,,Science,"['Science', 'Study and teaching']",21248,0.8013928877273802,0.27007836248732076,0.6823146526722704,123102.38476557506
328,7225312,Chemicals of Life,Isaac Asimov,,Science,"['organic chemistry', 'Biology', 'Biochemistry', 'Science', 'Accessible book', 'Biological chemistry', 'Bio-chemistry', 'Protected DAISY', 'Physiological Chemistry', 'Chemistry']",139000,0.3036834532374101,0.18965993376149293,0.7168363178274161,619915.7883917417
375,28269,The Curious Life of Robert Hooke,Lisa Jardine,,Science,"['History', 'Science', 'Accessible book', 'Protected DAISY', 'Architects', 'Scientists', 'Inventors', 'Scholars', 'Biography', 'Hooke, Robert, 1635-1703']",150575,0.3214810676719633,0.1340426471883303,0.22506168251850417,573382.4546171469
96,310408,"One, two, three ... infinity",George Gamow,,Science,"['Science', 'Accessible book', 'physics', 'Protected DAISY', 'mathematics', 'Popular works']",141550,0.46813137462685533,0.5030235845140268,0.7350623069528553,514384.933284565
136,1173785,How to Write and Publish a Scientific Paper,Robert A. Day,,Science,"['Wetenschappelijke publicaties', 'Protected DAISY', 'Publishing', 'Sciences', 'Science', 'Accessible book', 'Documentation', 'Arte de escribir', 'Writing', 'Uitgeven', 'Wissenschaftliches Manuskript', 'Technical writing', 'Authorship', 'Re daction technique', 'Escritura']",151500,0.41718954248366025,0.4566122631886797,0.5766218271853624,679999.039310362
16,5584499,Novum organum,Francis Bacon,,Science,"['Philosophy', 'Heat', 'Science', 'Accessible book', 'Induction (Logic)', 'Early works to 1800', 'Motion', 'Methodology', 'English Philosophy', 'Logic', 'Winds', 'Physics', 'Social sciences', 'Methology']",174500,0.9643909882577674,0.15470183196526638,0.18855192281717947,285564.95277476334
82,4636612,Science and Human Values,Jacob Bronowski,,Science,"['Science', 'Accessible book', 'Addresses, essays, lectures', 'Protected DAISY', 'Social Values', 'Popular works']",24448,0.36761834642233865,0.521768547339345,0.19402993168191643,130422.90894481126
279,8364683,The world of carbon,Isaac Asimov,,Science,"['Organic Chemistry', 'Science', 'Accessible book', 'Protected DAISY', 'Carbon', 'Chemistry']",143500,0.46056771196283397,0.15013811829401447,0.4205599327133413,706173.5599896369
271,6566386,The structure of scientific revolutions,Thomas S. Kuhn,,Science,"['Accessible book', 'PHILOSOPHY', 'Sciences', 'Progress', 'Ciencia', 'Filosofia da ciência', 'Philosophy', 'Découvertes scientifiques', 'Prográes', 'SCIENCE', 'Long Now Manual for Civilization', 'Progrès', 'HISTORY', 'Philosophie', 'Série Ciência história', 'Science', 'Paradigm (Theory of knowledge)', 'open_syllabus_project', 'Wetenschapsdynamica', 'Sâerie Ciãencia histâor', 'History', 'História da ciência', 'Historia Da Ciencia', 'Histoire', 'Protected DAISY']",166000,0.4413808410111032,0.24261003775521608,0.7868176364058442,581840.3733939665
265,1280704,Guide to modern thought,"Joad, C. E. M.",,Science,"['Science', 'Accessible book', 'Philosophy', 'Protected DAISY']",166500,0.9742430430430432,0.07347103402149445,0.24326320331341902,181747.87557886454
206,4127489,The developing human,Keith L. Moore,,Science,"['Protected DAISY', 'Human Abnormalities', 'Embryology, Human', 'Embryologie humaine', 'Life Sciences - Biology - General', 'Science', 'Accessible book', 'Malformations', 'Embryologie', 'Ontwikkelingsbiologie', 'Medical / Nursing', 'Growth', 'Fetus', 'Embryology,Human', 'Abnormalities, Human', 'Human Embryology', 'Science/Mathematics', 'Embryology', 'Medical / Embryology']",20608,0.9396881850566313,0.0,0.0,37331.546382809516
342,5609912,Scientific method,F. W. Westaway,,Science,"['Science', 'Accessible book', 'Study and teaching', 'Methodology', 'Scientists']",149000,0.9444922489801288,0.11982899134049212,0.1780612506187294,575497.604301983
327,8340022,DiscoveryWorks,Silver Burdett & Ginn (Firm),,Science,"['Textbooks', 'Science', 'Accessible book', 'Protected DAISY', 'Study and teaching (Elementary)']",180000,0.5715045533769063,0.3607362399490598,0.21238409227501073,813240.3226358545
367,8516733,Naturbild der heutigen Physik,Werner Heisenberg,,Science,"['Science', 'Accessible book', 'Philosophy', 'Sciences', 'Study and teaching', 'Physicists', 'Protected DAISY', 'Natural history', 'Philosophie', 'History']",187125,0.4583603389786107,0.31965254477583677,0.1626205430602458,778011.2928445502
146,8160644,Biological science,Biological Sciences Curriculum Study,,Science,"['Biology', 'Experimental Biology', 'Textbooks', 'Science', 'Accessible book', 'Protected DAISY', 'Methodology', 'Experiments', 'Biologie', 'Study and teaching', 'Science textbooks', 'Biology textbooks', 'Laboratory manuals', 'Juvenile literature', 'Manuels de laboratoire']",201500,0.5153680144017905,0.2297673467863546,0.23630847761392074,1210096.7360764737
48,2281714,Principia philosophiae,René Descartes,,Science,"['Science', 'Accessible book', 'Philosophy', 'Early works to 1800', 'Protected DAISY', 'Philosphy']",150100,0.8326604485898291,0.5880440865306655,0.32289379438279264,181728.19683087975
379,2640570,Conceptual Chemistry,John Suchocki,,Science,"['Organic chemistry', 'Science / Chemistry / Organic', 'Textbooks', 'Science', 'Chemistry - General', 'Science/Mathematics', 'Chemistry', 'Chemistry (General)']",195500,0.49204154255052396,0.4699215659831275,0.3878740758461085,866402.2099560583
411,9300669,The Moon,Isaac Asimov,,Science,"['Science', 'Spanish language materials', 'Moon', 'Protected DAISY', 'Astronomy', 'Juvenile literature', 'Accessible book']",184000,0.4437123827791987,0.09225795667318652,0.4452571140799182,685332.3618273591
171,4323189,De generatione et corruptione,Aristotle,,Science,"['Ouvrages avant 1800', 'Science', 'Accessible book', 'De generatione et corruptione (Aristoteles)', 'Sciences', 'Early works to 1800', 'Ontology']",26240,0.18775810019129605,0.6644881401403118,0.8974495568444445,50256.25401841771
15,5635073,"A system of logic, ratiocinative and inductive",John Stuart Mill,,Science,"['Science', 'Methodology', 'Theory of Knowledge', 'Accessible book', 'Logic']",155000,0.9709502087286527,0.1472323217944028,0.21575857071546944,501671.98371175263
158,5592683,A dictionary of scientific terms,I. F. Henderson,,Science,"['Botany', 'Biology', 'Dictionaries, Medical', 'Accessible book', 'Dictionaries', 'Science', 'Natural history', 'Medical Dictionaries', 'Medicine', 'Technology', 'Zoology']",142000,0.9519412869373103,0.12370516998106695,0.215945219737386,523937.9640271711
179,5551651,Essays,Herbert Spencer,,Science,"['Rhetoric', 'English Philosophy', 'Finance', 'Prisons', 'Science', 'Accessible book', 'Philosophy', 'Railroads', 'Aesthetics', 'Political science']",150000,0.9840467189542483,0.1514872497076166,0.20701506310080153,280181.7915176506
113,976680,Discours de la methode,René Descartes,,Science,"['Meteors', 'Geometry', 'Science', 'Accessible book', 'Protected DAISY', 'Methodology', 'Refraction']",150100,0.5943477681545636,0.33025998006907153,0.5683231887852405,835391.9810400488
270,4005873,The Physics of Vibrations and Waves,H. J. Pain,,Science,"['Vibration', 'Science', 'Accessible book', 'Protected DAISY', 'Nonfiction', 'Waves']",24320,0.8640720136738907,0.5492146219852222,0.4381106600176739,106667.27515294385
361,5504100,Biographisch-literarisches Handwörterbuch zur Geschichte der exakten Wissenschaften,Johann Christian Poggendorff,,Science,"['Science', 'Accessible book', 'Bio-bibliography']",24832,0.9697393938245401,0.0,0.0,30320.70965588572
237,4871291,"A history of science, technology, and philosophy in the 16th & 17th centuries",A. Wolf,,Science,"['Philosophy, Modern', 'Science', 'Industrial arts', 'Philosophy', 'Renaissance Philosophy', 'Accessible book', 'Protected DAISY', 'History', 'Technology', 'Philosophy, Renaissance', 'Modern Philosophy']",20224,0.44431116592206515,0.5177819572616043,0.4804286166629314,44038.2387167371
21,6134550,Sämtliche Werke,Johann Wolfgang von Goethe,,Science,"['Men', 'English Translations', 'Knowledge', 'German Aesthetics', 'Travel', 'German Maxims', 'Music', 'German Erotic poetry', 'Music in literature', 'Literature', 'German Authors', 'Accessible book', 'Philosophy', 'Calendars', 'Literary calendars', 'German National characteristics', 'Characters', 'Translations into Catalan', 'Women', 'Science', 'History and criticism', 'Men in literature', 'Aesthetics', 'Art', 'Translations into English', 'Quotations', 'Biography', 'Women in literature']",143000,0.8547542849307557,0.1336803710040541,0.19713791903101466,466429.72880049836
36,5914638,Philosophical essays,Bertrand Russell,,Science,"['Science', 'Addresses, essays, lectures', 'Philosophy', 'Accessible book', 'Mathematics']",150500,0.9597893817992312,0.14465621145327157,0.20329686249926865,272555.81817167957
66,5031852,Methods in Cell Biology,David M. Prescott,,Science,"['Accessible book', 'Chromosomal Proteins, Non-Histone', 'Chromosomal proteins', 'Cytological techniques', 'Histones', 'Isolation & purification', 'Biology', 'Méthodes', 'Yeast', 'Cellules', 'Membrana (Citologia)', 'Technique', 'Cytology', 'SCIENCE', 'Chromatin', 'Biologia celular', 'Physiologie', 'Life Sciences', 'Cell Biology', 'Cell physiology', 'Nucleoproteins', 'Techniques cytologiques', 'Protected DAISY', 'Cytologie']",24576,0.9697391684538399,0.09200750757323413,0.21377797080870697,81088.33422691742
325,4227184,Radiologic science for technologists,Stewart C. Bushong,,Science,"['Radiologic Technology', 'Radiologie', 'Safety measures', 'Radiology', 'Science', 'Medical physics', 'Accessible book', 'Protected DAISY', 'Radiation', 'Radiation Protection', 'Medical Radiology', 'Allied Health Services - Radiologic & Ultrasound Technology', 'Medical / Nursing', 'Radioscopic Diagnosis', 'Medical / Allied Health Services / Radiological & Ultrasound Technology', 'Radiobiology', 'Techniek', 'Science/Mathematics', 'Radiation protection']",20352,0.9640376433592305,0.0,0.0,29096.96421580772
32,262763,Logik der Forschung,Karl Raimund Popper,,Science,"['Research Design', 'English literature', 'Protected DAISY', 'Accessible book', 'Logica', 'Science', 'SCIENCE', 'Philosophy', 'Metodologia Cientifica', 'METHODOLOGY', 'Sciences', 'Methodology', 'Study and teaching', 'Méthodologie', 'Logic', 'Curricula', 'Logique', 'University of Cambridge']",167000,0.46904205706234586,0.6503546920633143,0.5060531798179716,765220.960706894
98,2739997,The Life and Letters of Thomas Henry Huxley,Leonard Huxley,,Science,"['Physicians', 'Accessible book', 'Naturalists', 'Biography', 'Science']",159000,0.4466860525342213,0.409585388441955,0.27134534499394425,923522.1659864638
64,570731,Longitude,Dava Sobel,,Science,"['Protected DAISY', 'Horology', 'Science', 'Accessible book', 'Measurement', 'Longitude', 'Research', 'Astronomical clocks', 'Nonfiction', 'Chronometers', 'Long Now Manual for Civilization', 'Clock and watch makers', 'Biography', 'History']",137275,0.7909636946018619,0.15230663033532518,0.2815275046494066,674411.6127821808
260,4261271,Marine biology,Peter Castro,,Science,"['Marine biology', 'Marine Biology', 'Science', 'Accessible book', 'Protected DAISY', 'Science/Mathematics', 'Life Sciences - Biology - Marine Biology']",19712,0.5086261777438248,0.594272927896663,0.6839740604817395,109105.18724402397
224,705317,The structure of science,Ernest Nagel,,Science,"['Science', 'Accessible book', 'Philosophy', 'Protected DAISY']",142025,0.9677097721679765,0.022245711826947522,0.0006175719765860584,415133.0252236468
332,6018580,Memorie della Reale Accademia delle scienze di Torino,Reale Accademia delle scienze di Torino,,Science,"['Science', 'Accessible book', 'Periodicals', 'Humanities']",191500,0.9813888905954026,0.0,0.0,106745.0409038231
127,6480425,Comptes rendus hebdomadaires des séances de l'Académie des sciences,Académie des sciences (France),,Science,"['Science', 'Accessible book', 'Periodicals']",188000,0.8394429078014187,0.11758663835839364,0.27757111127160117,581661.1031770299
241,5753525,Histoire des sciences mathématiques et physiques,Maximilien Marie,,Science,"['Mathematics', 'Accessible book', 'Science', 'History']",166500,0.9155925572631455,0.1147351261941696,0.13313388722237868,640698.7422221545
40,6567508,Sylva sylvarum,Sir Francis Bacon,,Science,"['Utopias', 'Science', 'Accessible book', 'Metals', 'Longevity', 'Pre-Linnean works', 'Early works to 1800', 'Experiments', 'Natural history']",136000,0.7440302768166093,0.1217241957747396,0.2620081385401611,642332.1311961861
308,5381012,Understanding Human Anatomy & Physiology,Sylvia S. Mader,,Science,"['Human Anatomy', 'Science', 'Medical', 'Physiology', 'Anatomy', 'Medical / Nursing', 'Life Sciences - Human Anatomy & Physiology', 'Human Physiology', 'Human anatomy', 'Human physiology']",20608,0.6541133844842284,0.5780418981619878,0.5757790364380521,109158.88901017711
59,6919412,Göttingische Gelehrte Anzeigen,Königliche Gesellschaft der Wissenschaften zu Göttingen,,Science,"['Biology', 'Books -- Reviews', 'Science', 'Societies (Science)', 'Philology', 'Rezensionsblätter', 'Periodical', 'Mathematics', 'Physics', 'Accessible book']",157000,0.9091376545522666,0.0,0.0,392357.77621345327
119,6872278,Active physics,Arthur Eisenkraft,,Science,"['Study and teaching (Secondary)', 'Problems, exercises', 'Physics -- Problems, exercises, etc', 'Textbooks', 'Science', 'Accessible book', 'Physics textbooks', 'Science textbooks', 'Protected DAISY', 'Physics -- Study and teaching (Secondary)', 'Science -- Study and teaching (Secondary)', 'Physics']",195500,0.5700270999448372,0.39413854364749923,0.19842832998314328,749841.3428454828
51,5774684,Science and education,Thomas Henry Huxley,,Science,"['Study and teaching (Higher)', 'Science', 'Accessible book', 'Addresses, essays, lectures', 'Study and teaching', 'Education']",161000,0.9108711971745219,0.10533588379201723,0.19130865567495361,647208.7423347324
201,9246374,"International critical tables of numerical data, physics, chemistry and technology",National Research Council (US),,Science,"['Science', 'Accessible book', 'Tables']",164825,0.9536076706429578,0.0,0.0,299987.5161768974
143,5826041,"Essays, scientific, political, and speculative",Herbert Spencer,,Science,"['Science', 'Accessible book', 'Philosophy', 'Political science']",193000,0.9539444275119374,0.016960106665984298,0.003462924604935046,424133.14254803094
280,6618029,The Wellsprings of Life,Isaac Asimov,,Science,"['Biology', 'Science', 'Evolution (Biology)', 'Evolution', 'Protected DAISY', 'Life (Biology)', 'Accessible book']",147000,0.8425600640256102,0.15885529701048484,0.3128518837357411,794546.7568197201
311,5399094,Bioremediation,Milton Fingerman,,Science,"['Marine organisms', 'Marine biology', 'Science', 'Marine bioremediation', 'Bioremediation', 'Biotechnology (Specific Aspects)', 'Marine Pollution', 'Biotechnology', 'Science/Mathematics', 'Life Sciences - Biology - Marine Biology', 'Life Sciences - Anatomy & Physiology']",25984,0.8203615497923308,0.34975333181469404,0.3170481445809342,102301.69654529399
295,5796237,The science of everyday life,Edgar Flandreau Van Buskirk,,Science,"['Science', 'Accessible book', 'Study and teaching', 'Juvenile literature']",154000,0.938575502928444,0.13418816884282858,0.18006891076266865,604756.8061281778
419,5552971,An enquiry concerning the principles of natural knowledge,Alfred North Whitehead,,Science,"['Science', 'Accessible book', 'Philosophy', 'Space and time', 'Theory of Knowledge']",146500,0.9563794151107544,0.1343697025711389,0.23420560320593586,553429.2737320515
431,6923543,Tracts,"Boyle, Robert",,Science,"['Pneumatics', 'Science', 'Accessible book', 'Cosmology', 'Early works to 1800', 'Air', 'Chemistry', 'Physics']",148500,0.5308078431372548,0.1200127810779397,0.3935792217648356,724727.057209368
1900,291919,University,Bentley Little,,Horror,"['Horror', 'Protected DAISY', 'Accessible book', 'Fiction']",132525,0.3981214051362859,0.6160058962775689,0.822213691580181,620618.5632884469
1929,713745,Mumbo jumbo,"Roberts, Michael",,Horror,"['Juvenile poetry', 'Alphabet', 'Horror', 'Poetry', 'American poetry', ""Children's poetry, American""]",172425,0.48388012975235045,0.35843412694218063,0.6106385985280355,876684.0410841703
1549,8129289,Hellboy,Michael Mignola,,Horror,"['Comics & Graphic Novels / Graphic Novels / General', 'Accessible book', 'Parapsychologists', 'Fiction', 'Graphic Novels - General', 'Wizards', 'Supernatural', 'Demonology', 'Muñequitos, tiras cómicas', 'Good and evil', 'Horror comic books, strips', 'Horror', 'Graphic Novels', 'Héroes', 'Heroes', 'Parapsychology', 'Graphic Novels - Science Fiction', 'Private investigators', 'Empathy', 'Comics & Graphic Novels', 'Protected DAISY', 'Novela gráfica', 'Comic books, strips', 'Hellboy (Personaje literario : Mignola)', 'Novela fantástica', 'Hellboy (Fictitious character : Mignola)', 'Graphic Novels - Horror', 'Cuentos de terror', 'Occultism', 'Graphic Novels - Crime & Mystery', 'Novela de terror', 'Comics & Graphic Novels / General']",151500,0.06624212774218598,0.01776483763147242,0.09591071539469054,328591.2257639916
1749,6937432,"No, But I Saw the Movie","Wheeler, David",,Horror,"['Motion Pictures', 'Kurzgeschichte', 'Catalogs', 'Film adaptations', 'Horror', 'Movies', 'Anthologie', 'Protected DAISY', 'Films', 'Short stories', 'Accessible book']",161000,0.44571111923030077,0.5453266888340392,0.7825999275028711,812795.73477575
1759,539335,Blood Kin (Pinnacle Horror),Ronald Kelly,,Horror,"['Vampires', 'Accessible book', 'vampire', 'Fiction', 'Protected DAISY', 'horror']",130625,0.42071434843793976,0.1887902906692629,0.3783741222603374,696707.0419311306
1771,7079760,Croc,David James,,Horror,['Horror'],153000,0.45697001153402533,0.09061897241178836,0.44690394155127905,755178.257758642
1971,961358,Dampyr #1,Mauro Boselli,,Horror,"['Fiction - Horror', 'Comics & Graphic Novels', 'Graphic Novels', 'Fiction', 'Comics & Graphic Novels / General', 'Horror Fiction', 'Graphic Novels - Horror', 'Horror']",189000,0.3704826019296607,0.14628969905314493,0.22180863242850218,1030566.0864893901
1989,869257,The Nail,Steve Niles,,Horror,"['Humor', 'Comics & Graphic Novels', 'Graphic Novels', 'Fiction - General', 'Comics & Graphic Novels / General', 'Horror Fiction', 'Graphic Novels - Horror', 'Horror']",162000,0.4289104817235536,0.54847810936176,0.5889173182799153,999771.1028910839
1604,852042,Revenant,Melanie Tem,,Horror,"['Horror', 'Protected DAISY', 'Accessible book', 'Fiction']",166500,0.28082242242242245,0.4594360603324134,0.18064829330563217,596331.9659579649
1747,8075533,The Silver Eyes (Five Nights At Freddy's #1),Scott Cawthon,,Horror,"['Young adult fiction', 'psychology', 'Juvenile fiction', 'Pizzerias', 'Robots', 'Fiction', ""Five Nights at Freddy's (Video game)"", 'murder', 'animatronics', 'Zombies', 'Survival', 'Horror stories', 'Horror']",164000,0.3909829029172645,0.3899596449724682,0.5278509460896191,717012.5318599661
1852,6416371,Dracula,F. Abraham,,Horror,"['Horror', 'Classic Literature', 'Fiction']",187500,0.3616945150326797,0.7670245652099561,0.8130480828764445,826249.1955990656
1615,8401500,Vampire Chronicles (Interview with the Vampire / Queen of the Damned / Vampire Lestat),Anne Rice,,Horror,"['spirits', 'Fiction in English', 'Vampires', 'New World Order', 'Accessible book', 'horror', 'gothic horror', 'gothic fiction', 'fiction', 'Romance', 'Imaginary interviews', 'vampire novels', 'American fiction', 'Protected DAISY', 'rock music', 'Vampires in fiction', 'horror fiction', 'vampire literature', 'nobility', 'Horror tales']",158000,0.36555162571357663,0.2733168858745723,0.458787748402713,851516.4271099712
1513,8311568,The Talisman,Stephen King,,Horror,"['Mothers and sons', 'Fantasy', 'Talismans', 'Horror', 'Quests (Expeditions)', 'Fiction', 'Romans', 'Boys', 'Fantastique', 'Protected DAISY', 'Accessible book']",163000,0.33405502225430045,0.38665642699488784,0.8467696578793993,706212.8130556232
1506,8569284,It,Stephen King,,Horror,"['Accessible book', 'Fiction', 'coming of age', 'homosexuality', 'suspense', 'catatonia', 'horror stories', 'ghosts', 'Horror fiction', 'Good and evil', 'Reading Level-Grade 9', 'nonlinear narrative', 'Reading Level-Grade 11', 'third-person', 'horror tales', 'blood oaths', 'mummies', 'lepers', 'Open Library Staff Picks', 'horror', 'thrillers', 'Omniscience', 'werewolves', 'Protected DAISY', 'Schwinn bicycles', 'Reading Level-Grade 10', 'Reading Level-Grade 12']",153000,0.20009703960015376,0.16774010141475904,0.3345874684798724,539575.7518565876
1719,4853523,Isis,Douglas Clegg,,Horror,"['Death', 'Brothers and sisters', 'Horror', 'Fiction', 'Grief', 'Protected DAISY', 'Haunted houses', 'Accessible book']",23936,0.43887392523854457,0.14748613313853437,0.2646107881558143,137037.67733250753
1816,6404518,Jake's wake,John Skipp,,Horror,"['Evangelists', 'Horror', 'Fiction', 'Accessible book', 'Protected DAISY', 'Swindlers and swindling', 'Demonology']",187500,0.15126546405228755,0.18690294547919956,0.48294301534910244,680529.8026023135
1623,33059,The Riddles of Epsilon,Christine Morton-shaw,,Horror,"['Accessible book', 'Horror', 'Protected DAISY', 'Juvenile Fiction', 'Fiction']",176500,0.2635503416097317,0.5006432497927291,0.8444452340957003,927810.9527129746
1526,8413143,Four Past Midnight,Stephen King,,Horror,"['American Horror tales', 'Accessible book', 'paranormal', 'Fiction', 'cuckoo clocks', 'Horror fiction', 'Horror tales', 'word processors', 'diction', 'housemaids', 'Vdobibl', 'Polaroid cameras', 'supernatural', 'autopilot', 'Thriller', 'nightmares', 'Dissociative identity disorder', 'speechwriting', 'plagiarism', 'sanity', 'ambush', 'caretakers', 'short stories', 'Horror', 'red-eye flights']",157500,0.33002360410831,0.250806917799598,0.6604030560646414,698949.4860793791
1946,477438,Buffy the Vampire Slayer,,,Horror,"['Horror & ghost stories', 'Graphic novels', 'Short stories', 'Horror']",136800,0.4701820318770783,0.5679673415950087,0.6275255153306826,702834.1288058013
1708,8347711,Angelslayer,K. Michael Wright,,Horror,"['Spiritual warfare', 'Horror', 'Fiction', 'Fantasy', 'Protected DAISY', 'Angels', 'Accessible book']",162000,0.2611726458484629,0.242842377941992,0.3294893543330157,800096.583044898
1572,9159268,Someone Like You,Roald Dahl,,Horror,"['Accessible book', 'stockbrokers', 'black comedy', 'Fiction', 'prefects', 'dementia', 'betting pools', 'detectives', 'Bungarus', 'alibi', 'caviar', 'Oenophilia', 'Short Stories', 'horror', 'World War I', 'cruise ships', 'short story', 'begging', 'caregivers', 'Cadillacs', 'Social life and customs', 'World War II', 'Protected DAISY']",168000,0.6775841269841268,0.4401615763332152,0.3291666372603299,1004434.4604787519
1688,525314,Among the Dolls,William Sleator,,Horror,"['Children: Grades 3-4', 'Horror', 'Fiction', 'Dollhouses in fiction', 'Fantasy', 'Supernatural', 'Dollhouses', 'Protected DAISY', 'Accessible book']",164500,0.4473699743727279,0.6208535813075954,0.1816992677203026,893750.8057117357
1782,7242167,Thirst,Guy N. Smith,,Horror,['Horror'],148500,0.3653773816597346,0.2931227725747875,0.4528765590817141,762168.4878864376
1656,1531732,Murgunstrumm & Others,Hugh B. Cave,,Horror,"['Fantasy', 'Horror', 'Science Fiction & Fantasy', 'Fiction']",150575,0.1354341690187614,0.15819096201884525,0.4398239695207634,357577.27058155125
1791,3051703,The Vampire King,Michael A. Martin,,Horror,"['Mystery', 'Horror', 'Fiction']",143925,0.47356345046269344,0.7422385799049136,0.13551219132433714,742246.6285492544
1806,594762,Wings in the Night,Robert E. Howard,,Horror,"['Fantasy', 'Horror', 'Science Fiction & Fantasy', 'Fiction']",161500,0.3924411825411279,0.4290917751391944,0.6249194301687977,837322.88754218
1587,745394,The Ruins,Scott Smith,,Horror,"['Horror', 'Protected DAISY', 'Accessible book', 'Fiction']",169000,0.2833315697876783,0.2809502320606063,0.4913225753913277,464993.2681203088
1975,961367,GrimJack,John Ostrander,,Horror,"['Fiction - General', 'Comics & Graphic Novels', 'Graphic Novels', 'Graphic Novels - General', 'Fantasy', 'Comics & Graphic Novels / General', 'Horror Fiction', 'Graphic Novels - Horror', 'Horror']",164500,0.4964937362178913,0.16677785915632592,0.611179152457306,988750.5213967029
1773,3347207,Queridos Monstruos,Elsa Bornemann,,Horror,"['Accessible book', 'Protected DAISY', 'CUENTOS INFANTILES ARGENTINOS', 'Fiction', 'Horror', 'Monsters']",134900,0.8292963269814968,0.22538706986379556,0.28298127403395285,480814.8666624765
1605,4848906,Blood Lust Chronicles,Lisette Ashton,,Horror,"['Romance', 'Horror', 'Erotic Literature', 'Fiction']",26752,0.43804853879350786,0.7423163394092261,0.44958426034203686,125387.82625966331
1728,880114,The great and secret show,Chris Ryall,,Horror,"['Horror', 'Graphic Novels', 'Comics & Graphic Novels / Graphic Novels / Horror', 'Fantasy', 'Graphic Novels - Horror', 'Comics & Graphic Novels', 'Internet Archive Wishlist']",164500,0.7622551999523213,0.19838917015917645,0.37002203142023504,812435.6842608348
1850,6610582,The academy,Bentley Little,,Horror,"['Accessible book', 'High school students', 'Charter schools', 'Fiction', 'Protected DAISY', 'Horror', 'Good and evil']",151500,0.4526182100562997,0.17395547326566882,0.6609389961914873,724740.977028931
1772,7089093,Hope,Sasha Beattie,,Horror,"['speculative fiction', 'anthology', 'science fiction', 'horror', 'fantasy', 'short stories', 'suicide awareness']",25480,0.28210114815156834,0.36087007074536154,0.479383582476081,112268.963427191
1798,2005426,The Beast Beneath the Stairs (Library of Doom),Michael Dahl,,Horror,"['Horror', 'Fiction', 'Juvenile Fiction', 'Science Fiction & Fantasy']",180000,0.29598433551198255,0.3371706140604708,0.46039389474031117,973237.2170282294
1525,9255774,Queen of the Damned,Anne Rice,,Horror,"['spirits', 'Vampires', 'horror', 'Fiction', 'New World Order', 'Protected DAISY', 'rock music', 'Lestat (Fictitious character)', 'Accessible book', 'Horror tales']",168000,0.7571418067226892,0.1944146224719533,0.30703472620341193,832079.2726281565
1910,6954619,The Murders in the Rue Morgue,William R. Sanford,,Horror,"['Motion Pictures', 'Detective and mystery stories', 'Juvenile fiction', 'Movies', 'Accessible book', 'Protected DAISY', 'Films', 'Horror stories', 'Mystery and detective stories', 'Horror', 'Horror tales']",204500,0.20473951771417612,0.112892935784139,0.23109496621326175,783720.8690458592
1927,7229215,The Lake,Ruby Jean Jensen,,Horror,"['horror', 'sea creature', 'Accessible book', 'Protected DAISY']",151000,0.16526258927412024,0.510420707115031,0.7515373079206912,782518.0004362643
1599,484877,Flesh,Richard Laymon,,Horror,"['Horror', 'Fiction']",136325,0.40236275049172426,0.38441584065805273,0.2824072823516214,734382.604962579
1776,7394540,The Haunting of Sunshine Girl,Paige Mckenzie (haunting of sunshine girl network youtube),,Horror,"['Horror', 'Paranormal', 'Romantic']",150732,0.39084860651263653,0.17611924971529314,0.3047877238195025,774219.1072580657
1537,8401590,The Regulators,Stephen King,,Horror,"['Homicide', 'Ohio -- Fiction', 'fantasy', 'Horror', 'paranormal', 'Fiction', 'science fiction', 'autistic children', 'Audiobooks', 'Protected DAISY', 'Crime', 'Accessible book', 'horror tales']",98175,0.5097728845548914,0.1622211612057137,0.42361487912468054,584699.8585568798
1752,7401520,Strange Seed,T. M. Wright,,Horror,"['horror', 'Accessible book', 'Protected DAISY']",170000,0.4274859746251442,0.20146474817062276,0.3422354294907325,797745.073921416
1869,730284,Bloodwalk,Lee Killough,,Horror,"['Espionage/Intrigue', 'Fiction - Espionage / Thriller', 'Vampires', 'Comics & Graphic Novels', 'Graphic novels', 'Fiction', 'Graphic Novels - General', 'Fantasy', 'Fiction / Fantasy / General', 'Police fiction', 'Horror']",143925,0.36056660774436566,0.49986276856739076,0.6735315671665058,569113.1322797992
1633,5730961,The nightwalker,Thomas Tessier,,Horror,"['Horror', 'Fiction']",153264,0.4624331155366417,0.3941976508450848,0.1807186802790505,839845.882492689
1542,8443317,Nightmares & Dreamscapes,Stephen King,,Horror,"['locked room mystery', 'American Horror tales', 'vampires', 'photorealism', 'Accessible book', 'dementia', 'fishing boats', 'constables', 'convenience stores', 'organized crime', 'ozone layer', 'suicide', 'Cessna Skymasters', 'allergies', 'Genu Varum', 'Jeopardy!', 'Sherlockiana', 'carjacking', 'serial killers', 'horror fiction', 'alcoholism', 'zombie apocalypse', 'horror tales', 'Beechcraft Bonanzas', 'semen', 'horror', 'Protected DAISY', 'hitchhiking', 'revenge', 'metalepsis', 'detours', 'Cadillacs', 'alibis', 'Translations into Russian', 'car bombs', 'Wormwood', 'short stories', 'science fiction', ""Alzheimer's Disease"", 'zombies', 'tabloid journalism', 'bodyguards', 'American Short stories', 'heart attack', 'aquifers']",170000,0.4239421914648213,0.7249034042161372,0.3567318575507359,841030.6844538562
1733,5362564,Frightening fiction,Kimberley Reynolds,,Horror,"['Books & Reading', 'Protected DAISY', 'American Horror tales', 'Horror', 'History and criticism', ""Children's Literature - General"", 'Literature - Classics / Criticism', 'Accessible book', 'Literary Criticism', 'Horror tales, English', ""Children's stories"", 'English Horror tales', 'Horror tales, American', ""Children's literature studies: general"", 'Novels, other prose & writers']",23808,0.9123250711574953,0.5046803129929349,0.09280074704266998,86879.39860911456
1882,6599374,When Michael Calls,John Farris,,Horror,"['Accessible book', 'In Library', 'horror', 'thriller', 'Protected DAISY']",148500,0.2533648907374398,0.23272329610394604,0.3767141333242728,629143.3491961177
1684,408053,Silent Night,R. L. Stine,,Horror,"['Horror', 'Revenge', 'Christmas stories', 'Fiction', 'Protected DAISY', 'Horror stories', 'Accessible book']",145000,0.6206851926977687,0.4039869263382515,0.2621639420932634,791847.0471949102
1619,7254240,The Scarecrow,Ronald Hugh Morrieson,,Horror,"['Hawera', 'Taranaki', '20th Century', 'Gothic', 'New Zealand Fiction', 'Horror', 'Internet Archive Wishlist']",198000,0.7166059615765499,0.31038974144777925,0.1509813518721549,1045729.8853921187
1571,8432182,Fallen Hearts,V. C. Andrews,,Horror,"['suspense fiction', 'romance fiction', 'Accessible book', 'horror', 'family problems', 'family life', 'grandmothers', 'Fiction', 'sagas', 'Detective and mystery fiction', 'adventure fiction', 'Protected DAISY', 'poverty', 'horror fiction', 'domestic fiction', 'suspense', 'love stories']",146500,0.23409101251422068,0.37685940774622567,0.6105263036520517,666601.1809069866
1743,8274232,Eight tales of terror,Edgar Allan Poe,,Horror,"['American Horror tales', 'Horror', 'Fiction', 'Protected DAISY', 'Short stories', 'Accessible book']",150000,0.34985024836601303,0.48583398226902036,0.4367237085249559,917486.4395864366
1196,6341604,Souvenirs de la Cour d'assises,André Gide,,Crime,"['Criminals', 'Jury', 'Trials', 'Accessible book', 'Crime and criminals', ""France. Cours d'assises"", 'France', 'Crimes et criminels', 'Procès', 'Crime']",150500,0.886892554230995,0.12387514767106934,0.19374304000459017,391510.7674363725
1149,8349071,Adventures of Sherlock Holmes / Memoirs of Sherlock Holmes,Arthur Conan Doyle,,Crime,"[""Children's stories"", 'gold', 'pennies', 'Confederate States Army', 'treaties', 'thumbs', 'Honourable Society of the Inner Temple', 'police', 'Classic fiction', 'police inspectors', 'Justices of the Peace', 'locked-room mysteries', 'coffee', 'cavaliers', 'commissionaires', 'clerks', 'Classics', 'counterfeit money', 'opium dens', 'beryls', 'coronets', 'scalpels', 'English Short stories', 'smoke bombs', 'hydraulic presses', 'jewellery', 'English Mastiffs', 'churches', 'oaks', 'Mystery and Suspense', 'Private investigators', 'asphyxiation', 'blackmail', 'English', 'opium', 'riddles', 'cabinet cards', 'crime', 'tobacco pipes', 'carbuncles', 'broughams', 'sailing ships', 'Crime & Mystery Fiction', 'Accessible book', 'elms', 'Juvenile literature', 'barques', 'Mystery and detective stories', 'scrips', 'yellow fever', 'half-pennies', 'amyl nitrate', 'English Detective and mystery stories', 'fiction', 'Classic Literature', 'aristocracy', 'bushrangers', 'brain fever', 'Christmas dinners', 'butlers', 'prima donnas', 'revolvers', 'darkrooms', 'History', 'electric blue', 'gemstones', 'Short Stories', 'stock market', ""English children's stories"", 'pawnbrokers', 'Ku Klux Klan', 'governesses', 'Apaces', 'Internet Archive Wishlist', 'red hair', ""Fuller's earth"", 'suicide by hanging', 'Anglo-Saxons', 'redundancy', 'Encyclopædia Britannica', 'amorality', 'maids', 'snow', 'maps', 'mixed race children', 'Detective and mystery stories', 'footprints', 'Detective Fiction', 'brandy', 'ancestors', 'lascars', 'prospecting', 'Private investigators in fiction', 'race horses', 'Juvenile fiction', 'horse racing', 'catalepsy', 'banks', 'meres', 'brokers']",178000,0.9555283542630535,0.0,0.0,277673.18492066226
1083,225195,Scum,Isaac Bashevis Singer,,Crime,"['Death', 'Jews', 'Accessible book', 'Crime', 'Jewish men', 'Sons', 'Protected DAISY', 'Fiction']",150100,0.8533583885252969,0.21134548433290942,0.20629802898700522,771530.900788868
1151,8352704,The Real World of Sherlock Holmes,Peter Costello,,Crime,"['Knowledge and learning', 'Detectives', 'Accessible book', 'Crime', 'Case studies', 'Sherlock Holmes', 'Characters', 'Protected DAISY', 'Scottish Authors', 'Biography', 'history']",162500,0.13071577677224733,0.18649273674607844,0.508027023346892,642510.3624305727
1463,2108454,The Women of Galway Jail,Geraldine Curtin,,Crime,"['Prisons', 'Crime', 'Social conditions', 'Women prisoners', 'Female offenders', 'History']",185500,0.4333690396913482,0.32211709860944876,0.5599524759902492,891830.2611981122
1011,535095,Alias Grace,Margaret Atwood,,Crime,"['Murder', 'Trials (Murder)', 'Women murderers', 'Mystery & Detective', 'Accessible book', 'Fiction', 'Romans', 'Marks, Grace, b. 1827', 'Historical', 'Protected DAISY', 'Crime', 'FICTION', 'Marks, Grace, née 1827', 'History']",153900,0.5909035151422491,0.12283047190284914,0.519619810626734,612206.7949061053
1103,5663384,Memoirs of a great detective,John Wilson Murray,,Crime,"['Detectives', 'Criminals', 'Accessible book', 'Crime and criminals', 'Crime', 'Murder', 'Biography', 'History']",150500,0.869764054458993,0.13071086379528565,0.2197867714010349,622952.7691265859
1182,1793871,Forty Years of Scotland Yard,Frederick Porter Wensley,,Crime,"['Detectives', 'Criminals', 'Police', 'Accessible book', 'Crime and criminals', 'Great Britain. Metropolitan Police Office. Criminal Investigation Dept', 'Crime', 'Great Britain', 'Protected DAISY', 'Great Britain. Metropolitan Police Office. Criminal Investigation Department', 'Biography']",166500,0.9372203026555969,0.07017139129712038,0.23519916330413262,407372.30942332215
1008,8245287,Major Barbara,George Bernard Shaw,,Crime,"['Social aspects of Crime', 'Drama', 'Literature', 'English drama', 'Salvation Army', 'Facsimiles', 'Crime', 'Fathers and daughters', 'Children of the rich', 'Classic Literature', 'Manuscripts', 'Accessible book', 'Fiction']",166000,0.8470495393338059,0.1810944460770334,0.06089085109937855,361133.72196726466
1202,1406945,'Til Death,Ed McBain,,Crime,"['mystery', 'detective', 'noir', 'series', 'crime', '87th Precinct']",149500,0.5377922486720441,0.12830983120353695,0.14462102650172026,799401.3718630365
1399,9008627,"Women, crime, and criminology",Carol Smart,,Crime,"['Frauenkriminalita\x98t', 'Feminist theory', 'Prisoners', 'Crime', 'United States', 'Vrouwen', 'Great Britain', 'Protected DAISY', 'Criminaliteit', 'Criminelles', 'Criminology', 'Accessible book', 'Female offenders', 'Women']",159500,0.6088390189931769,0.49171103115794096,0.7662000770373668,711466.3170245657
1250,8562149,The medieval underworld,Andrew McCall,,Crime,"['Accessible book', 'Protected DAISY', 'Crime and criminals', 'Crime', 'Social history', 'Social conditions', 'Conformity', 'Punishment', 'History']",154000,0.41830336134453777,0.44286346251307684,0.17851977719870418,795700.8559219511
1265,160118,Comrade Criminal,Stephen Handelman,,Crime,"['Organized crime', 'Politics and government', 'Postcommunisme', 'Political corruption', 'Corruption (Politique)', 'Crime organisé', 'Conditions sociales', 'Crime', 'Post-communism', 'Accessible book', 'Politique et gouvernement', 'Economic conditions', 'Protected DAISY', 'Social conditions', 'Georganiseerde misdaad', 'Organisiertes Verbrechen']",163000,0.4970759533261157,0.49217397184771006,0.2829514349883061,551386.3400519049
1143,8424631,The crime problem,Walter Cade Reckless,,Crime,"['Protected DAISY', 'Accessible book', 'Crime', 'Crime and criminals', 'Criminology']",166500,0.43377327916151437,0.663755874693588,0.22324747252936575,254856.42741231996
1027,6542951,The Naive and Sentimental Lover,John le Carré,,Crime,"['Story', 'Cold War', 'Accessible book', 'Fiction', 'Romance', 'Book', 'Literature', 'e-read', 'Thriller', 'Mystery', 'Novel', 'Romantic', 'Spy', 'British', 'Le Carre', 'English', 'Crime', 'John Le Carre', 'Paperback', 'Hardcover', 'Great Britain', 'Suspense', 'Protected DAISY', 'John le Carré']",164000,0.6637407938785268,0.09923318648374232,0.7278799411716634,696057.8765209814
1409,121067,Vengeance and justice,Edward L. Ayers,,Crime,"['Administration of Criminal justice', 'Criminals', 'Accessible book', 'Crime and criminals', 'Revenge', 'Crime', 'Protected DAISY', 'Punishment', 'History']",162500,0.781751891402715,0.7275479437046353,0.8396519732836507,662506.9558218903
1060,6047663,The Newgate calendar,Andrew Knapp,,Crime,"['Criminals', 'Newgate (Prison : London, England)', 'Trials', 'Accessible book', 'Crime and criminals', 'Crime', 'London Newgate Prison', 'Punishment']",146500,0.794493314595463,0.14167509031683237,0.19642338350011984,614511.040267319
1335,5808156,"The Jukes; a study in crime, pauperism, disease, and heredity",Richard Louis Dugdale,,Crime,"['Prisons and reformatories', 'Criminals', 'Genetics', 'Accessible book', 'Crime and criminals', 'Crime', 'Heredity', 'Human Heredity']",155500,0.8840997162852281,0.14487986716482146,0.23234130688722426,443350.27363746497
1422,1198041,Crisis intervention,James E. Hendricks,,Crime,"['Violence', 'Family', 'Counseling of', 'Crisis intervention (Mental health services)', 'Accessible book', 'Victims of family violence', 'Conflict management', 'Crime', 'Crisis Intervention', 'Protected DAISY', 'Counseling', 'Victims of crimes']",161025,0.8834718759418068,0.3335940498104769,0.16077067503378106,530161.8990022978
1224,5630071,Live questions,John Peter Altgeld,,Crime,"['Politics and government', 'Administration of Criminal justice', 'Criminals', 'Prisons', 'Accessible book', 'Crime', 'Silver question', 'Social problems', 'Pullman Strike, 1894', 'Social conditions', 'Administration of Justice', 'Working class']",155000,0.8848233270082229,0.09135901819360709,0.3128066437346259,669256.1030864872
1156,918735,What I Saw,Joseph Roth,,Crime,"['Politics and government', 'Social life and customs', 'Intellectual life', 'Accessible book', 'Crime', 'Protected DAISY', 'Social conditions', 'History']",142975,0.6604898840809273,0.269500908520795,0.17146281955824633,839769.7703762974
1132,2422206,Close,Martina Cole,,Crime,"['Criminals', 'Accessible book', 'Fiction', 'Gangsters', 'Protected DAISY', ""Gangsters' spouses"", 'Crime', 'Children of gangsters', 'Internet Archive Wishlist']",21600,0.22723148148148142,0.23164926209798117,0.4577672511659367,107433.87331934748
1097,4291120,Courts and criminals,Arthur Cheney Train,,Crime,"['Administration of Criminal justice', 'Criminals', 'Accessible book', 'Crime and criminals', 'Crime', 'Administration of Justice']",20864,0.5977965611091062,0.9345747370199848,0.43886595468710243,39148.69644526164
1074,584130,The Authentic Life of Billy the Kid,Pat F. Garrett,,Crime,"['Criminals', 'Accessible book', 'Crime and criminals', 'Crime', 'Outlaws', 'Protected DAISY', 'History', 'Biography', 'Internet Archive Wishlist']",142500,0.8111848090815276,0.2113516757535486,0.8228815806782146,425377.19211461383
1404,8362902,Sherlock Holmes. The Complete Novels and Stories. 1/2 (Adventures of Sherlock Holmes / Memoirs of Sherlock Holmes / Return of Sherlock Holmes / Sign of Four / Study in Scarlet),Arthur Conan Doyle,,Crime,"['forges', ""Children's stories"", 'gold', 'Mystery & Suspense', 'Confederate States Army', 'detective fiction', 'Nihilism', 'Literary Fiction', 'burglary', 'murder-suicide', 'thumbs', 'hanging', 'aortic aneurysm', 'Honourable Society of the Inner Temple', 'Short Stories', 'In Library', 'police', 'ransoms', 'Classic fiction', 'police inspectors', 'treasure', 'moorland', 'crime', 'crocodiles', 'pennies', 'soft-point bullets', 'The Church of Jesus Christ and Latter-day Saints', 'locked-room mysteries', 'coffee', 'Rhodesian Police', 'cavaliers', 'traps', 'hydraulic presses', 'coal tar', 'Battle of Maiwand', 'commissionaires', 'convict', 'clerks', 'Classics', 'rugby unions', 'counterfeit money', 'pince-nez glasses', 'opium dens', 'treaties', 'beryls', 'coronets', 'scalpels', 'English Short stories', 'mixed race children', 'Intestacy', 'whist', 'Fiction Classics', 'stock market', 'horse gaits', 'Trichinopoly cigars', 'fingerprints', 'half-pennies', 'long jumpers', 'pawnbrokers', 'crime bosses', 'Second Anglo-Afghan War', 'kidnapping', 'plumbers', 'constables', 'cattle', 'proofs', 'Justices of the Peace', 'poison', 'substitution ciphers', 'hurdling', 'Mystery fiction', 'churches', 'oaks', 'yellow fever', 'Mystery and Suspense', 'Ku Klux Klan', 'secretaries of state', 'telegraphy', 'asphyxiation', 'blackmail', 'waylaying', 'English', 'wax sculptures', 'preparatory schools', 'crime scenes', 'riddles', 'cabinet cards', 'tutors', 'study', 'smoke bombs', 'penal labour', 'Americans', 'carbuncles', 'broughams', 'catalepsy', 'English Detective and mystery stories', 'Russians', 'Accessible book', 'baritsu', 'stick figures', 'Fiction', 'tobacco pipes', 'anonymity', 'elms', 'Juvenile literature', 'barques', 'Mystery and detective stories', 'scrips', 'lecturers', 'Protected DAISY', 'jewellery', 'consumption', 'Romani', 'anise', 'Egyptian cigarettes', 'sailing ships', 'prime ministers', 'Classic Literature', 'aristocracy', 'bushrangers', 'brain fever', 'Christmas dinners', 'weddings', 'Andamanese', 'tea plantations', 'arrow poisons', 'Scottish Terriers', 'butlers', 'prima donnas', 'opium', 'brokers', 'historical fiction', 'Private investigators in fiction', 'darkrooms', 'History', 'electric blue', 'novel', 'gemstones', 'launches', 'amyl nitrate', ""English children's stories"", 'dogs', 'English Mastiffs', 'deformities', 'governesses', 'Apaces', 'handwriting', 'school caps', 'Internet Archive Wishlist', 'red hair', 'hemoglobin', 'frequency analysis', 'bloguns', ""Fuller's earth"", 'suicide by hanging', 'Anglo-Saxons', 'ancestors', 'Encyclopædia Britannica', 'Action & Adventure Fiction', 'amorality', 'crime & mystery fiction', 'maids', 'snow', 'substance abuse', 'maps', 'attempted murder', 'tests', 'domestic violence', 'convicts', 'Detective and mystery stories', 'track spikes', 'footprints', 'horseshoes', 'air guns', 'brandy', 'redundancy', 'Detective and mystery fiction', 'lascars', 'pioneers', 'prospecting', 'extortion', 'private investigators', 'defrocking', 'cottages', 'race horses', 'Juvenile fiction', 'horse racing', 'Indian Rebellion of 1857', 'banks', 'scholarship', 'meres', 'revolvers']",151000,0.26155925204518893,0.1268894329013671,0.35252475205769007,771153.3279160971
1091,5639043,The Science of penology,Henry Martyn Boies,,Crime,"['Accessible book', 'Criminals', 'Crime and criminals', 'Punishment', 'Crime']",151000,0.9613387092585378,0.14799885267811597,0.2031608027465262,451073.5426138474
1427,6979085,The hatchet men,Richard H. Dillon,,Crime,"['Criminals', 'Chinese', 'Accessible book', 'Crime and criminals', 'Crime', 'Protected DAISY', 'Tongs (Secret societies)', 'History']",145000,0.23257373901284645,0.1825549326657329,0.5520663338122458,348050.72510296374
1133,5567536,Civilisation,"Carpenter, Edward",,Crime,"['Evolution', 'Criminals', 'Science', 'Accessible book', 'Crime and criminals', 'Crime', 'Civilization']",158000,0.9322886324149914,0.12948986020012493,0.24910524340219167,659603.2539337476
1258,9288369,The challenge of crime in a free society,United States. President's Commission on Law Enforcement and Administration of Justice.,,Crime,"['Accessible book', 'Protected DAISY', 'Criminalité', 'Crime']",148000,0.28669093799682027,0.01566205169064964,0.8845255416978184,494027.4129233128
1466,1182173,Understanding criminology,Sandra Walklate,,Crime,"['Sociological aspects', 'Sociological aspects of Crime', 'Accessible book', 'Crime', 'Criminal anthropology', 'Protected DAISY', 'Criminology']",138700,0.5733459434242333,0.5832403833532195,0.7530131012972077,677102.545409291
1407,8291678,Me and my million,Clive King,,Crime,"['Protected DAISY', 'Accessible book', 'Crime', ""Children's stories"", 'Fiction']",160500,0.32798311648646994,0.4032651391970589,0.47499260686325234,954694.4828321988
1178,1208356,Social defence,Marc Ancel,,Crime,"['Crime', 'Criminals', 'Crime and criminals', 'Criminal law']",161500,0.9457568141807807,0.4264334879066358,0.3743064624199235,239334.90759833826
1189,9069458,Cogan's trade,George V. Higgins,,Crime,"['Jackie Cogan (Fictitious character)', 'Accessible book', 'Fiction in English', 'Fiction', 'Suspense fiction', 'Protected DAISY', 'Crime']",161676,0.7047203581697408,0.2515877598696598,0.6597846805283191,578205.9320904885
1062,4654652,Yakuza,David E. Kaplan,,Crime,"['Organized crime', 'Histoire', 'Gangs', 'Accessible book', 'Yakuza', 'Crime and criminals', 'Crime', 'Protected DAISY', 'Crime et criminels', 'History']",21632,0.3026514821905093,0.6231291586685216,0.14581299866676303,45401.04144675399
1160,7925695,Female life in prison,"Robinson, F. W.",,Crime,"['Criminals', 'Prisons - Great Britain', 'Prisons', 'Accessible book', 'Prison administration', 'Crime', 'Prison discipline', 'Women prisoners - Great Britain', 'Women prisoners', 'Female offenders']",147500,0.9789236291126618,0.1336734300007097,0.2814402596363563,338745.35964262486
1414,5403105,The criminal event,Vincent Sacco,,Crime,"['Canada', 'Criminalite', 'Sociology', 'Criminologie', 'Social Science', 'Law / Criminal Procedure', 'Accessible book', 'Criminal Procedure', 'Criminalité', 'Crime', 'Textbooks', 'Crime & criminology', 'Protected DAISY', 'Criminology']",20992,0.35540093705164993,0.4244932848988748,0.4313715703119578,99702.50214007199
1347,8026064,Observing the law,George J. McCall,,Crime,"['Administration of Criminal justice', 'Criminals', 'Accessible book', 'Crime', 'Protected DAISY', 'Research', 'Criminology']",153500,0.8787473206872328,0.13951918143871972,0.26069820663447285,356981.3070022355
1080,407755,Wiseguy,Nicholas Pileggi,,Crime,"['Criminals', 'Accessible book', 'Crime', 'Case studies', 'Protected DAISY', 'Mafia', 'Biography']",137750,0.3879792178214298,0.1564905584836636,0.41411466981905715,493136.82068008836
1051,4009859,Degree of guilt,Richard North Patterson,,Crime,"['Literature', 'Trials (Murder)', 'Accessible book', 'NOVELAS', 'Crime', 'Criminals', 'Protected DAISY', 'Legal stories', 'Fiction']",24320,0.9529506901444789,0.0,0.0,39758.86943250536
1163,4946559,The disreputable pleasures,John Hagan,,Crime,"['Social control', 'Deviant behavior', 'Criminals', 'Crime and criminals', 'Crime']",27520,0.9402677553579571,0.0,0.0,34453.79240131844
1215,5670550,The principles of anthropology and sociology in their relations to criminal procedure,Maurice Parmelee,,Crime,"['Criminals', 'Criminal law', 'Accessible book', 'Crime and criminals', 'Crime', 'Criminal anthropology']",146000,0.8208248992747786,0.13471775335562483,0.23221539702342767,630068.4376029494
1186,614263,The encyclopedia of American crime,Carl Sifakis,,Crime,"['Crime and criminals', 'Accessible book', 'Dictionaries', 'Crime', 'United States', 'Encyclopedias', 'Protected DAISY']",170050,0.618777383814449,0.23031112599194062,0.04530714565829796,724201.0789752175
1434,5412740,Crime and human nature,James Q. Wilson,,Crime,"['Criminals', 'Kriminalanthropologie', 'Prédiction du comportement criminel', 'Accessible book', 'Protected DAISY', 'Crime and criminals', 'Kriminologie', 'Criminalité', 'Crime', 'Criminal anthropology', 'Criminele antropologie', 'Kriminalsoziologie', 'Anthropologie criminelle', 'Prediction of Criminal behavior', 'Criminology']",24704,0.9460173156049985,0.0,0.0,35580.02123095228
1300,6963071,American state trials,John Davison Lawson,,Crime,"['San Francisco Committee of Vigilance of 1851', 'Criminals', 'San Francisco Committee of Vigilance of 1856', 'Assassination attempts', 'Trials', 'Criminal courts', 'Assassination', 'Crime and criminals', 'Impeachment', 'Crime', 'States', 'Boston Massacre, 1770', 'Trials, litigation', 'Whiskey Rebellion, Pa., 1794', 'Haymarket Square Riot, Chicago, Ill., 1886', 'Ku Klux Klan (19th cent.)', 'Accessible book']",154500,0.7807641601624471,0.10727979944969517,0.2534568290691638,437537.45999044727
1220,6263528,Crime and its repression,Gustav Aschaffenburg,,Crime,"['Criminal law', 'Accessible book', 'Crime and criminals', 'Crime', 'Criminal psychology', 'Criminology']",160000,0.9585411029411766,0.0,0.0,221362.03828405886
1380,312391,Six-guns and saddle leather,Ramon F. Adams,,Crime,"['Criminals', 'Bibliography', 'Frontier and pioneer life', 'Accessible book', 'Crime and criminals', 'Crime', 'Outlaws', 'Protected DAISY', 'History']",159125,0.6606135637601467,0.22915207699880513,0.27165777265432745,853084.5355668559
1158,944183,The Black Donnellys,Thomas P. Kelley,,Crime,"['Criminals', 'Ont Lucan', 'Crime and criminals', 'Crime', 'Lucan, Ont', 'Internet Archive Wishlist']",144875,0.4624041144326582,0.29809293550919164,0.28940250822830266,718923.4315679667
1039,789348,The gangs of New York,Herbert Asbury,,Crime,"['Criminals', 'Gangs', 'Accessible book', 'Crime', 'Protected DAISY', 'Social conditions']",143450,0.43313344131657544,0.18576608438635378,0.42626030117302505,809612.7093976799
1343,1644238,The Dreadful Truth,Ted Staunton,,Crime,"['Criminalite', 'Criminals', 'Ouvrages pour la jeunesse', 'Criminels', 'Accessible book', 'Histoire', 'Anecdotes', 'Crime', 'Protected DAISY', 'Juvenile literature', 'History']",157000,0.7405575371549895,0.5450895763509591,0.6268938585668272,733545.9182360666
1018,1284561,The Long Goodbye,Raymond Chandler,,Crime,"['Los Angeles (Calif.)', 'Private investigators', 'Detective and mystery stories', 'Los Angeles (Calif.) - Fiction', 'Mystery & Detective', 'Protected DAISY', 'Accessible book', 'Fiction in English', 'Political', 'Hard-Boiled', 'Fiction', 'American Detective and mystery stories', 'Philip Marlowe (Fictitious character)', 'Mystery fiction', 'Los Angeles', 'Marlowe; Philip (Fictitious character)', 'Crime', 'California', 'Private investigators - California - Los Angeles - Fiction', 'General', 'Marlowe; Philip (Fictitious character) - Fiction']",225625,0.5409361620770192,0.4144973871374962,0.34645698675054015,1074534.8390994428
880,8066264,No Stone Unturned,Patricia Robins,,Romance,"['Love Triangle', 'Contemporary', '1960s', 'Fiction', 'Romance', 'Suspense', 'English', 'Internet Archive Wishlist']",162500,0.3685361085972851,0.18565892531649103,0.31493390897844126,850719.5873768574
899,240064,Can You Keep A Secret?,Sophie Kinsella,,Romance,"['Open Library Staff Picks', 'Accessible book', 'Fiction', 'Romance', 'New York Times bestseller', 'Protected DAISY', 'Young women', 'Humor (Fiction)', 'Businesswomen', 'nyt:e-book_fiction=2011-10-01']",150575,0.9406539507053029,0.7336858721654441,0.4067564187808512,387778.23788744624
977,8061834,Dance in the dust,Denise Robins,,Romance,"['1950s', 'Accessible book', 'Fiction', 'Romance', 'Historical', 'English', 'Internet Archive Wishlist']",156500,0.7340730439140511,0.3161676904926036,0.16939223337327455,758510.6812717792
721,8055414,The Unshaken Loyalty,Denise Robins,,Romance,"['Fiction', 'Romance', 'English', '1950s', 'Contemporary']",157500,0.5316318456271398,0.43552655946649677,0.1526529379704509,743788.2459045479
798,7388043,Había renunciado,Corín Tellado,,Romance,['Romance'],170500,0.5961196480938417,0.30157958269795127,0.511304948712767,883587.9832354318
571,75724,Venetia,Georgette Heyer,,Romance,"['Family secrets', '1950s', 'Single women', 'Fiction', 'Romance', 'Protected DAISY', 'Country life', 'Large type books', 'Accessible book']",148200,0.42007171019554923,0.11221046722050158,0.42151292405651686,848005.5869084982
816,6609990,Meet Me in Monte Carlo,Denise Robins,,Romance,"['Love Triangle', '1950s', 'Contemporary', 'Fiction', 'Romance', 'Suspense', 'English']",156000,0.7397891654097538,0.7771715287967483,0.3728496058322956,790539.0239254173
708,4768593,The Castle On the Hill,Elizabeth Goudge,,Romance,"['Accessible book', 'Adventures', 'Fiction', 'Romance', '1940s', 'Contemporary']",25088,0.7224289715886354,0.7888032933656096,0.5183393023419375,86810.8145393864
727,7913091,Destinos de amor,Corín Tellado,,Romance,['Romance'],171500,0.5492051449151087,0.18954500627211923,0.35809426458828086,868444.8689854385
714,409414,The best way to lose,Janet Dailey,,Romance,"['Romance', 'Accessible book', 'Protected DAISY', 'Fiction']",138700,0.6919253573094702,0.4965473790772256,0.517512300535577,648766.1575596768
734,6596157,Sweet Sorrow,Denise Robins,,Romance,"['Love Triangle', 'Contemporary', 'Fiction', 'Romance', 'English', '1940s']",157500,0.7738181637099284,0.1387354664348682,0.43299391850175534,860968.063564273
952,7412551,Realidades,Corín Tellado,,Romance,['Romance'],175000,0.5241519327731091,0.18401988414717813,0.3635605284683546,878668.7038994741
594,221685,The unknown Ajax,Georgette Heyer,,Romance,"['1950s', 'Aristocracy (Social class)', 'Inheritance and succession', 'Fiction in English', 'Fiction', 'Romance', 'Historical', 'Protected DAISY', 'History', 'Accessible book', 'Love stories']",20340,0.6438679700001929,0.24241561857914212,0.2817404749714797,108030.57066433318
695,3888181,Songs in ordinary time,Mary McGarry Morris,,Romance,"['Divorced women', 'Problem families', 'Accessible book', 'Fiction', 'Romance', 'Vermont -- Fiction', 'Protected DAISY']",24448,0.848690939071964,0.16862298752442964,0.17726428200372735,108049.24065866695
801,7955025,Una chica valiente,Corín Tellado,,Romance,['Romance'],173500,0.6488656834491723,0.22652638495618665,0.40572034525154255,974170.3111786492
536,7197960,Kilmeny of the Orchard,Lucy Maud Montgomery,,Romance,"['Youth', 'Romance', 'Juvenile fiction', 'Accessible book', 'Fiction']",137500,0.7619500320855616,0.12383044586366009,0.2234741876957998,647977.647233886
584,855207,Heiress,Janet Dailey,,Romance,"['Accessible book', 'Fiction', 'Romance', 'Inheritance and succession', 'Protected DAISY', 'Sisters']",142500,0.5276530856553147,0.3282590456977991,0.41355473691180533,645051.4947610574
910,6622453,The Chatelaine,Claire Lorrimer,,Romance,"['Romance', 'In Library', 'Saga', 'Accessible book', 'Protected DAISY', 'Fiction', '1980s', 'Rochford', 'Historical', 'English']",159500,0.6831936566476119,0.24680525812140233,0.2545141176956007,866267.5259218257
591,318845,Hidden Riches,Nora Roberts,,Romance,"['Open Library Staff Picks', 'Accessible book', 'Protected DAISY', 'Contemporary', 'Antiques', 'Fiction', 'Romance', 'Suspense fiction', 'Antique dealers', '1990s', 'Suspense', 'Love stories, American']",136800,0.7462426327256048,0.06606604211729428,0.3637849839509599,711241.0203874401
670,1952815,Manhunting,Jennifer Crusie,,Romance,"['Golf resorts in fiction', 'Single women in fiction', 'Protected DAISY', 'Romance fiction', 'Mate selection', 'Single women', 'Family-owned business enterprises in fiction', 'Romance-language fiction', 'Mate selection in fiction', 'Romance', 'Business consultants in fiction', 'Family-owned business enterprises', 'Golf resorts', 'Fiction', 'Business consultants', 'Accessible book', 'Contemporary Romance']",165000,0.6399556506238859,0.20196394152441458,0.2836033706134552,668868.6027793227
866,540076,Cold Truth,Mariah Stewart,,Romance,"['Fiction', 'Romance', 'Murder', 'Serial murders', 'Accessible book', 'Government investigators', 'United States. Federal Bureau of Investigation', 'United States', 'Investigation', 'Suspense', 'Protected DAISY', 'Policewomen']",29340,0.40039028563027124,0.45254268102606227,0.3467257430556991,136311.95844150183
889,96385,Paradise News,David Lodge,,Romance,"['Literatura inglesa', 'Bildungsromans', 'Modern fiction', 'Romance', 'Protected DAISY', 'Fiction', 'Accessible book']",145350,0.5884340300963865,0.39677974407253763,0.2999151747566921,573080.7313063062
951,7412564,Tú eres para mí,Corín Tellado,,Romance,['Romance'],128250,0.5306174062607498,0.12247848900749002,0.3535187531543063,664061.0758464233
784,8039449,And all because,Denise Robins,,Romance,"['Contemporary', 'Fiction', 'Romance', '1930s', 'English', 'Internet Archive Wishlist']",172500,0.563157715260017,0.27139504366262723,0.46172753535777245,924940.9094696058
502,2560652,Anna Karénina,Lev Nikolaevič Tolstoy,,Romance,"['Upper class', 'Russian literature', 'Accessible book', 'Non-English Fiction', 'Fiction', 'Romance', 'Literature', 'Long Now Manual for Civilization', 'Classic Literature', 'German language books', 'Adultery', 'Drama', 'Social conditions', 'open_syllabus_project', 'Upper class women', 'Social life and customs', 'Married women', 'Translations into English', 'Anna Karenina (Fictitious character)', 'Reading Level-Grade 11', 'Reading Level-Grade 12', 'Russian fiction']",150575,0.11010860980620042,0.1909364547141634,0.42088672071907207,496096.2373002758
896,6618528,Love Is Enough,Denise Robins,,Romance,"['Love Triangle', 'Protected DAISY', 'Accessible book', 'Motion picture actors and actresses', 'Contemporary', 'Fiction', 'Romance', 'English', '1940s', 'Love stories']",154500,0.6623235484485056,0.19950959578443284,0.5060631730823837,809496.6760005405
749,1818748,Autumn Lover,Elizabeth Lowell,,Romance,"['Accessible book', 'Fiction', 'Romance', 'Historical Fiction', 'Protected DAISY', 'Love stories']",150000,0.7579143529411765,0.11954714452695014,0.4990488164051664,699589.6150831936
935,7439960,Negocio matrimonial,Corín Tellado,,Romance,['Romance'],173500,0.5265906763858281,0.1540837093664001,0.3616578956767874,923096.393030698
665,93184,Girl with green eyes,Edna O'Brien,,Romance,"['English fiction', 'Manners and customs in fiction', 'Accessible book', 'Fiction in English', 'Fiction', 'Romance', 'Irish Fiction', 'Protected DAISY']",144400,0.6986603117701374,0.7815612416949064,0.4193626538825667,586500.394662112
851,39131,Pretty Little Liars,Sara Shepard,,Romance,"['nyt:series_books=2010-11-13', 'Juvenile Fiction', 'Fiction', 'Romance', 'New York Times bestseller', 'Protected DAISY', 'Accessible book']",163000,0.9358617586912066,0.18596220605076222,0.8459509542386847,450332.2835940495
828,4453892,Trans-Siberian Express,Warren Adler,,Romance,"['Romance', 'Fiction in English', 'Fiction']",26368,0.889452753188654,0.09655453580097087,0.007667767931945434,109389.06547788822
933,7362743,La mentira de Sofía,Corín Tellado,,Romance,['Romance'],183500,0.700939210343538,0.16839997588604302,0.34950350458515694,994536.1178739694
943,7429427,Odiosa esclavitud,Corín Tellado,,Romance,['Romance'],175000,0.6952382969187675,0.1420689285313453,0.3774378499386021,890291.3508991379
999,1469630,Daring to dream,Nora Roberts,,Romance,"['Open Library Staff Picks', 'Accessible book', 'Fiction', 'Romance', 'Protected DAISY', 'Love stories, American', 'Friendship']",136325,0.47703177599666313,0.456806054928967,0.4188024004732367,685327.2227606872
791,7358903,Un hombre ante mi puerta,Corín Tellado,,Romance,['Romance'],177500,0.6272176746755039,0.1421191044191436,0.3925321296585141,1000690.6596373178
909,8054308,All for You,Denise Robins,,Romance,"['Love Triangle', 'Contemporary', 'Fiction', 'Romance', 'English', '1940s', 'Internet Archive Wishlist']",162000,0.3757760832728153,0.41465942610784656,0.21350651956487338,820125.6376585237
947,7422814,Orgullo sin venganza,Corín Tellado,,Romance,['Romance'],175000,0.7291606274509805,0.1623780641090589,0.3693697436911304,975534.0696146009
854,463224,Glitter Baby,Susan Elizabeth Phillips,,Romance,"['Romance', 'Fiction']",150575,0.33422497420020636,0.3123570374011517,0.4962668546545461,657321.1351450196
882,4698210,Remember when,Judith McNaught,,Romance,"['Man-woman relationships', 'Cuentos de amor', 'Relaciones hombre-mujer', 'Accessible book', 'Fiction', 'Romance', 'Man-woman relationships in fiction', 'Protected DAISY', 'Texas in fiction', 'Ficción', 'Cuentos de amor.', 'Love stories']",26240,0.634757592061215,0.2949297066058579,0.3153886960478499,131210.7618132257
731,8081191,Diario de una enfermera,Corín Tellado,,Romance,['Romance'],170000,0.6795355709342561,0.48736343333050336,0.21131150642749225,872721.8417061331
878,8291489,The Fountain,Emily Grayson,,Romance,"['Married women', 'First loves', 'Fiction', 'Romance', 'Protected DAISY', 'Missing persons', 'Accessible book']",171000,0.3274316018805183,0.195314898155784,0.3142198711913688,920271.7565481487
568,8474037,Americanah,Chimamanda Ngozi Adichie,,Romance,"['African-Americans', 'Accessible book', 'Fiction', 'literary fiction', 'African-American fiction', 'Reading Level-Grade 7', 'Reading Level-Grade 9', 'Reading Level-Grade 8', 'romance', 'cultural heritage', 'corruption', 'Immigrants', 'Nigerians', 'National Book Critics Circle Award Winner', 'Refugees', 'blogging', 'award:national_book_critics_circle_award=fiction', '1000blackgirlbooks', 'Protected DAISY', 'Reading Level-Grade 11', 'Reading Level-Grade 10', 'Reading Level-Grade 12']",165500,0.6411866358628043,0.13927635903989405,0.3164918040221492,859442.2567505998
992,1463890,Southern nights,Janet Dailey,,Romance,"['Brothers', 'Accessible book', 'Fiction', 'Romance', 'Protected DAISY', 'Ranches']",142975,0.35452189982480137,0.6511094895740566,0.6433483585888113,629246.7018118332
895,771160,Tears of the Renegade,Linda Howard,,Romance,"['Accessible book', 'Fiction', 'Romance', 'Protected DAISY', 'Widows', 'Contemporary romance']",24000,0.7630959150326798,0.05683168956454176,0.8490694658468516,142260.06564266045
998,1464065,Show me,Janet Dailey,,Romance,"['Romance', 'Accessible book', 'Protected DAISY', 'Fiction']",154850,0.5473744737158667,0.2613380963690644,0.20244723972250026,773265.8268072638
657,175365,Crazy for You,Jennifer Crusie,,Romance,"['Man-woman relationships', 'Women art teachers', 'Accessible book', 'Women dog owners', 'Fiction', 'Romance', 'Life change events', 'Protected DAISY']",160550,0.858699006478954,0.5473364984564735,0.3458884427257253,704225.8906461676
654,4033688,Phantom,Susan Kay,,Romance,"['Phantom of the Opera (Fictitious character)', 'phantom of the opera', 'Fiction', 'romance', 'Protected DAISY', 'Horror tales', 'Accessible book', 'Love stories']",25216,0.9301279299790983,0.05395928671230068,0.00477478222497373,68245.60809484591
803,7913157,Isabel,Corín Tellado,,Romance,['Romance'],172000,0.6246959644322845,0.1019474569744708,0.47141100319003554,907939.9458591146
691,6501933,The Bride of the Delta Queen,Janet Dailey,,Romance,"['Romance', 'Protected DAISY', 'Accessible book', 'Fiction in English', 'Fiction']",152000,0.5474895252837976,0.17912504643513233,0.31716346018295277,676701.6445557122
548,9277892,Novels (Emma / Lady Susan / Mansfield Park / Northanger Abbey / Persuasion / Pride and Prejudice / Sense and Sensibility),Jane Austen,,Romance,"['Mate selection', 'Accessible book', 'manners', 'feelings', 'Social classes', 'Great Britain', 'love stories', 'Prophecies', 'man-woman relationships', 'Families', 'wealth', 'English literature', 'romance', 'Gentry', 'Sisters', 'young women', 'Courtship', 'Bible', 'English Love stories', 'History of Biblical events', 'Fiction', 'domestic fiction', 'class', 'Social life and customs', 'Romance fiction', 'young ladies', 'marriage', 'Protected DAISY', 'manners and customs']",158000,0.8062620997766194,0.08794404061384824,0.39421036445165614,790880.5538042989
2000,8595949,Alice's Adventures in Wonderland,Lewis Carroll,,Fantasy,"['English Fantasy fiction', 'Humor', 'Nonsense verses', 'Toy and movable books', 'Criticism and interpretation', 'Accessible book', 'Playing cards', 'Fiction', 'Croquet', 'Juvenile literature', 'Textual Criticism', 'English Nonsense verses', 'Fantasy in fiction', 'Specimens', 'Anthropomorphism', ""Children's literature"", 'English Adventure stories', ""Artists' illustrated books"", 'Mythical Animals', 'English Fantasy literature', 'Classic Literature', 'Fantasy  Magic', 'Animals', 'Open Library Staff Picks', ""Children's stories, English"", 'Dictionaries', 'Fantasy & Magic', 'Tea', 'Books and reading', 'Ficción juvenil', 'Novela fantástica', 'English language', ""Children's stories"", 'English', 'Portuguese language materials', 'Classics', 'Alice (Fictitious character : Carroll)', 'History', 'hookahs', 'Humorous stories', 'German', 'Fantasy fiction', 'Juvenile fiction', 'History and criticism', 'Fantasía', 'Imagination & Play', 'Fantasy', 'Fairy tales', 'English Fantastic fiction', 'logic', 'literary nonsense', 'Children']",175000,0.5961543081232492,0.3128933822745258,0.9079696696282141,748899.3574967213
2328,207133,Harpist in the wind,Patricia A. McKillip,,Fantasy,"['Juvenile fiction', 'Fiction in English', 'Fantasy', 'Wizards', 'Protected DAISY', 'Accessible book']",135850,0.6537441670816284,0.20869763706566838,0.7979297903507018,703947.0570687294
2026,8252454,James and the Giant Peach,Roald Dahl,,Fantasy,"['German', 'Humor', 'Adolescent', 'Readers', 'Tweens', ""Kid's"", 'Christian Books', 'Ants', 'children', 'Literature', 'Aunts', 'Accessible book', 'Translations', 'Boys', 'Fairy tales', 'Believe', 'Make', 'Magic', 'Open Library Staff Picks', 'Loneliness', 'Protected DAISY', 'Bugs', 'Cuentos de hadas', ""Children's"", 'Lonely', 'Stories', 'Insects', 'Fiction', 'Mean', 'Juvenile', 'Chapter books', 'Family', 'Humorous', 'Chapters', 'Peaches', 'Fantasy', 'Books', 'Roald Dahl', 'Spanish', 'Crystals']",159000,0.6221124183006536,0.15291328758698125,0.3002920959724114,858504.8160496155
2121,854819,The Lost Princess of Oz,L. Frank Baum,,Fantasy,"['Accessible book', 'Fiction', 'Oz (Imaginary place)', 'Fantasy', ""Children's stories"", 'Classic Literature', 'Juvenile literature']",158500,0.572603748376322,0.4163851895063025,0.34388543095509366,765962.0538745502
2421,955438,Bröderna Lejonhjärta,Astrid Lindgren,,Fantasy,"['Death', 'Brothers', 'Accessible book', 'Fiction', 'Fantasy', 'Protected DAISY', ""Children's stories, Swedish""]",154375,0.8070672064777328,0.5058418892821737,0.24727503295999,880391.5198144602
2106,2838027,The Master Key,L. Frank Baum,,Fantasy,"['Electricity', 'Fantasy', 'Accessible book', ""Children's stories"", 'Fiction']",190500,0.6965302866553447,0.2874215755986518,0.10068113221161563,867597.6090269359
2053,8275632,Black House,Stephen King,,Fantasy,"['Novela de misterio', 'Mystery', 'Asesinatos seriales', 'Serial murders', 'Murder', 'Ex-police officers', 'Accessible book', 'Protected DAISY', 'Detective and mystery stories', 'Fiction', 'Fantasy', 'Investigation', 'Novela fantástica', 'Fantasy fiction', 'Detective and mystery fiction', 'Ficción', 'Serial murderers', 'Mystery fiction', 'Ex-policía', 'Horror tales']",98175,0.16615751184609318,0.5672571468764274,0.18545677359650242,448944.1724509151
2057,8595436,Wizard and Glass,Stephen King,,Fantasy,"['fantasy fiction', 'Accessible book', 'gunfighters', 'fantasy', 'Adventure fiction', 'crystal balls', 'epic literature', 'fiction', 'supernatural', 'horror fiction', 'good and evil', 'Protected DAISY', 'dark fantasy', 'heroes and heroines', 'heroes', 'Epic fiction', 'loss', 'Fantastic fiction', 'adventure stories', 'trains', 'thrillers', 'horror tales', 'friendship', 'parallel universes']",168000,0.3286224089635854,0.5068610387066211,0.7973298789119808,684346.6859106666
2140,114074,The Borrowers aloft,Mary Norton,,Fantasy,"['Kidnapping', 'Fantasy fiction', 'Juvenile fiction', ""Children's stories, English"", 'Fantasy', 'Protected DAISY', 'Short stories', 'Accessible book']",149625,0.5204477861319966,0.4057349760339712,0.3644306154788478,864784.6859926379
2126,436197,"Over sea, under stone",Susan Mary Cooper,,Fantasy,"['Hermanos', 'Cornwell (England : County )', 'Magic', 'Brothers and sisters', 'Fantasy fiction', 'Juvenile fiction', 'Fiction', 'Fantasy', 'Ficción juvenil', 'Novela fantástica', 'Adventure stories', 'Protected DAISY', 'Accessible book']",148675,0.3817834531828537,0.5073291787727547,0.2869415155656362,691693.2807481764
2307,5374231,Yertle the Turtle and Other Stories Book,Dr. Seuss,,Fantasy,"['Picture books', 'Juvenile poetry', 'Spanish language materials', 'Jealousy', 'Poetry', 'Fiction', 'Tail', ""Children's stories, American"", 'Turtles in fiction', 'Pride and vanity', 'Accessible book', 'Animals', 'Turtles', 'Translations into Spanish', 'Stories in rhyme', ""Children's stories"", 'Short stories', 'Juvenile fiction', ""Children's poetry"", 'Jealousy in fiction', 'Fantasy', 'Boastfulness in literature', 'Protected DAISY', 'Pride and vanity in fiction', 'Internet Archive Wishlist']",21248,0.7753080336050083,0.41440135435257147,0.6350317511239323,108357.71616621957
2461,367093,Spindle's End,Robin McKinley,,Fantasy,"['Juvenile fiction', 'Protected DAISY', 'Fairies', 'Fiction', 'Fantasy', 'Fairy tales', 'Princesses', 'Accessible book', 'Good and evil']",146775,0.550485690716416,0.690458736709198,0.422209534455231,369237.0040132593
2022,748014,The lost world,Arthur Conan Doyle,,Fantasy,"['Fiction in English', 'Atlantis', 'Fiction in French', 'Science fiction', 'Scientific expeditions', 'Accessible book', 'English Detective and mystery stories', 'Prehistoric peoples', 'Fiction', 'Translations into Czech', 'Dinosaurs', 'Fantasy', 'Adventure stories', 'Translations into Russian', 'Professor Challenger (Fictitious character)', 'Discovery and exploration']",189000,0.3624120344434069,0.1414527358485747,0.6410383362035103,1027508.4034727756
2112,1473369,The Patchwork Girl of Oz,L. Frank Baum,,Fantasy,"['Fantasy', 'Juvenile fiction', 'Fairy tales', 'Accessible book']",187500,0.6467166954248368,0.10778691145866887,0.5855359538254162,1224707.16162742
2458,8161035,The fairies,William Allingham,,Fantasy,"['Legends', 'Juvenile poetry', 'Fairies', 'Accessible book', 'Poetry', ""Illustrated children's books"", 'Specimens', 'Elves', 'Malicious mischief', 'Kings and rulers', 'Kidnapping', 'Warnings', 'Pixies', ""Children's poetry, English"", 'Practical jokes', 'Fairy poetry, English', 'English poetry', 'Leprechauns', 'Juvenile fiction', 'Fantasy', 'Fairy tales', 'Protected DAISY', 'English Fairy poetry']",198000,0.8254676173499704,0.12450415223819289,0.09266250767337005,550235.9766516418
2354,33377,Fairest,Gail Carson Levine,,Fantasy,"['Juvenile fiction', 'Snow White', 'Personal Beauty', 'Fantasy', 'Fairy tales', 'Identity (Philosophical concept)', 'Identity (Psychology)', 'Protected DAISY', 'Self-acceptance', 'Fiction', 'Singing', 'Accessible book', 'Identity', 'Internet Archive Wishlist']",167000,0.4901089350710343,0.17292879983497952,0.49313911241232766,1023862.1007579467
2498,482153,Through the magic mirror,Anthony Browne,,Fantasy,"['Fantasy', 'Internet Archive Wishlist']",225150,0.7955462719842545,0.5038313303147318,0.35747817677850086,782374.4289665023
2289,8291285,Tithe,Holly Black,,Fantasy,"['Children of entertainers', 'Young adult fiction', 'Accessible book', 'Fiction', 'Supernatural', 'Drugs, Alcohol, Substance Abuse', 'Reading Level-Grade 9', 'Reading Level-Grade 8', 'Fairies', 'Social Themes', 'YOUNG ADULT FICTION', 'Magic', 'Faeries', 'Legends, Myths, Fables', 'Homecoming', 'Fantasy fiction', 'Juvenile fiction', 'Fantasy', 'Protected DAISY', 'Reading Level-Grade 11', 'Reading Level-Grade 10', 'Reading Level-Grade 12']",158000,0.22372437329362121,0.26815268759435706,0.344902887845856,874876.7994066682
2030,9269938,Game of Thrones,George R.R. Martin,,Fantasy,"['fantasy fiction', 'Accessible book', 'fantastic fiction', 'Hugo Award Winner', 'fantasy', 'nyt:trade_fiction_paperback=2011-09-10', 'imaginary wars and battles', 'New York Times bestseller', 'A Song of Ice and Fire', 'epic literature', 'winter', 'Courts and courtiers', 'fiction', 'Ignotus Award winner', 'good and evil', 'kings and rulers', 'Locus Award winner', 'Invierno', 'Civil war', 'imaginary places', 'seasons', 'magic', 'Bien y mal', 'epic fantasy', 'Protected DAISY', 'Guerras imaginarias', 'Ficción', 'epic fiction']",156500,0.09633535049802668,0.1930112243833736,0.21203919810799038,605158.4290250922
2082,4636773,The Little White Horse,Elizabeth Goudge,,Fantasy,"['Protected DAISY', 'Magic', 'Historical fiction', 'Genealogy', 'Fate and fatalism', 'JUVENILE FICTION / Animals', 'Orphans', 'Unicorns', 'Adventures', 'JUVENILE FICTION / Family / Orphans & Foster Homes', 'Fiction', 'Fantasy', 'Vendetta', 'Accessible book', ""Children's stories"", 'Juvenile fiction', '1940s', 'JUVENILE FICTION / Fantasy & Magic']",25728,0.5062350624329335,0.5236971882967549,0.39790010921630414,144212.34491194776
2163,727198,Bone - 2 - The Great Cow Race,Jeff Smith,,Fantasy,"['Bone (Fictitious character)', 'Cousins', 'Accessible book', 'Cartoons and comics', 'New York Times bestseller', 'Caricatures and cartoons -- Juvenile literature', 'Juvenile literature', 'Cousins -- Juvenile fiction', 'Cousins -- Fiction', 'Treasure troves', 'nyt:paperback_graphic_books=2011-09-10', 'Caricatures and cartoons', 'Adventure and adventurers', 'Graphic novels', 'Comic books, strips', 'Fiction', 'Fantasy fiction', 'Juvenile fiction', 'Dragons', 'Fantasy', 'Comic books, strips, etc', 'Protected DAISY']",145350,0.34161390018683774,0.5578792937859685,0.5159155172853908,706055.9712379362
2275,859130,The wind on the moon,Eric Linklater,,Fantasy,"['Sisters', 'Fantasy', 'Fiction', ""Children's stories"", 'Internet Archive Wishlist']",161000,0.8430489099987823,0.2369761484760855,0.33291941701763883,623421.8999295579
2322,877064,The Gate of Worlds,Robert Silverberg,,Fantasy,"['American Science fiction', 'Fantasy', 'Accessible book', 'Fiction in English', 'Protected DAISY']",158500,0.4136093029009711,0.10780740983633075,0.33064274323720794,764954.5131091306
2089,113996,Mary Poppins,P. L. Travers,,Fantasy,"['Magic', ""Children's stories"", ""Children's stories, Thai"", 'Translations from English', 'Juvenile fiction', ""Children's stories, English"", 'Magic in fiction', 'Fiction', 'Fantasy', 'England in fiction', 'Fairy tales', 'Mary Poppins (Fictitious character)', 'Translations into Thai', 'Protected DAISY', 'Translations into Russian', 'Nannies', 'Accessible book']",181000,0.6277671758206045,0.6526626010424109,0.48103568625524845,933768.943570352
2138,50996,In the Night Kitchen,Maurice Sendak,,Fantasy,"['Baking', 'Picture books', 'Fantasy fiction', 'Accessible book', 'Fiction', 'Fantasy', 'Dreams', ""Children's stories"", 'Protected DAISY', 'Pictures', 'Picture books for children', 'Juvenile fiction', 'Cake', 'Milk']",171475,0.5967801857585141,0.18382831415253562,0.3736575323952754,1037757.8538934862
2004,8235489,Through the Looking-Glass,Lewis Carroll,,Fantasy,"[""Children's stories, English"", ""Children's stories"", 'Toy and movable books', 'Juvenile literature', 'Juvenile fiction', 'Translations into Italian', ""Children's poetry, English"", 'Fiction', 'Fantasy', 'English Fantasy poetry', 'English poetry', 'Nonsense verses', ""Artists' books"", 'Specimens', 'Alice (Fictitious character : Carroll)', 'Accessible book', 'English Nonsense verses', 'Shaw alphabet']",192500,0.5210508581614464,0.1631870658317566,0.5436218122074452,1138786.6029356816
2069,6557137,The reluctant dragon,Kenneth Grahame,,Fantasy,"['Juvenile fiction', 'Compromise (Ethics)', 'Fairy plays', 'Dragons', 'Fantasy', 'Fairy tales', 'Protected DAISY', 'Fiction', 'Friendship', 'Accessible book']",166500,0.23648620385090977,0.14145759449627757,0.2971746185029891,599853.0062211547
2154,2793980,American Fairy Tales,L. Frank Baum,,Fantasy,"[""Children's stories, American"", 'Juvenile Fiction', 'Fiction', 'Fantasy', 'Fairy tales', 'Classic Literature', 'Short stories']",202500,0.9670175357056404,0.08617031772678452,0.3471988881945035,295785.9428561725
2197,6681835,Comet in Moominland,Tove Jansson,,Fantasy,"['Comets', 'Translations into Russian', 'Juvenile fiction', 'Fiction', 'Fantasy', ""Children's stories"", 'Protected DAISY', ""Children's stories, Swedish"", 'Accessible book']",166500,0.8295304245421892,0.08129683596931297,0.5608764216676049,982272.6222403615
2213,6423308,Monstrous Regiment,Terry Pratchett,,Fantasy,"['Discworld (Imaginary place)', 'Accessible book', 'Fiction', 'Fantasy', 'Protected DAISY', 'Women soldiers']",187500,0.12492254117647056,0.0881685535340642,0.06087772907826722,566177.7946916367
2480,4698181,Swords in the Mist,Fritz Leiber,,Fantasy,"['Fantasy', 'Accessible book', 'Protected DAISY', 'English Short stories', 'Fiction']",25728,0.4021991756901766,0.3523548437901934,0.4897203033231084,154012.19899541355
2267,5683599,The wonderful visit,H. G. Wells,,Fantasy,"['Accessible book', 'Villages', 'Fiction', 'Fantasy', 'Supernatural', 'Country life', 'Angels']",152500,0.9138824815171971,0.10083185550562285,0.223733553991693,684724.1739835968
2227,9294505,This Perfect Day,Ira Levin,,Fantasy,"['Fantasy', 'Accessible book', 'Future life', 'Protected DAISY']",144000,0.1823234477124183,0.39461595716127196,0.49101054629843593,519846.38058615447
2379,958424,Circle of Magic,Tamora Pierce,,Fantasy,"['Magic', 'Daja Kisubo (Fictitious character)', '1000blackgirlbooks', 'Fiction', 'Fantasy', 'Accessible book', 'Tris (Fictitious character : Pierce)', 'Protected DAISY', 'Sandry (Fictitious character : Pierce)', 'Friendship', 'Briar Moss (Fictitious character)']",157000,0.6895536155863619,0.5607315918378692,0.634125537155696,876516.7712954072
2276,475643,West of Eden,Harry Harrison,,Fantasy,"['Fantasy', 'Accessible book', 'Protected DAISY', 'Fiction']",145825,0.4048737440458782,0.2631113816415183,0.23254238714489106,850884.5174684795
2065,6491753,Dragonflight (Dragonriders of Pern #1),Anne McCaffrey,,Fantasy,"['Pern (Imaginary place)', 'American Science fiction', 'Protected DAISY', 'Fantasy', 'Fantasy fiction', 'Juvenile fiction', 'Fiction in English', 'Fiction', 'Science Fiction', 'Civilization', 'Life on other planets', 'Space colonies', 'Dragons', 'Accessible book', 'Time travel']",145000,0.6569549154834347,0.2619070991244158,0.5301365591219681,724555.533675933
2397,2002752,The Sky Is Falling,Lester del Rey,,Fantasy,"['Science Fiction', 'Science Fiction & Fantasy', 'Accessible book', 'Fiction', 'Fantasy', 'Protected DAISY']",166500,0.2269785785785786,0.19553165985695156,0.1366809053314574,444503.49258383334
2392,5543077,Victory on Janus,Andre Norton,,Fantasy,"['Fantasy', 'Fiction']",142299,0.5734023181511341,0.6250866360405041,0.47742322501658113,741222.2623923572
2185,2977005,The Brick Moon and Other Stories,"Hale, Edward Everett",,Fantasy,"['Social life and customs', 'United States in fiction', 'fantasy', 'space travel', 'Fiction', 'science fiction']",166500,0.310857539892834,0.10504462871445298,0.17188486813862772,611122.0654588582
2369,6453928,On a pale horse,Piers Anthony,,Fantasy,"['Fantasy', 'Accessible book', 'Protected DAISY', 'Fiction']",147000,0.71198943577431,0.10175402138126487,0.7166836329449817,696480.4130100961
2284,6929137,Farlig midsommar,Tove Jansson,,Fantasy,"['Translations into Russian', 'Russian Songs', 'Floods', ""Children's stories Popular music"", 'Songs, Russian', 'Fantasy', 'Protected DAISY', 'Fiction', ""Children's stories, Swedish"", 'Accessible book']",168500,0.35157328213184386,0.29985566948221454,0.5421320363136161,730561.7792368324
2333,6615147,The kelpie's pearls,Mollie Hunter,,Fantasy,"['Juvenile fiction', 'Fiction', 'Fantasy', ""Children's stories"", 'Protected DAISY', 'Accessible book']",166500,0.7413193664252489,0.4608867498101789,0.43962806896248247,857940.3628246626
2169,580391,The high king,Lloyd Alexander,,Fantasy,"['Maturation (Psychology)', 'Protected DAISY', 'Magicians', 'Magic', 'Newbery Medal', 'Fantasy', 'Fantasy fiction', 'Juvenile fiction', 'Adventure and adventurers', 'Swords', 'Fiction', 'Fate and fatalism', 'Fairy tales', 'Taran (Fictitious character : Alexander)', 'Prydain (Imaginary place)', 'Accessible book', 'Good and evil']",167000,0.55206896794646,0.4331036434693456,0.22082147984286116,904169.2940252703
2146,9326661,Harry Potter and the Cursed Child,Jack Thorne,,Fantasy,"['Magic', 'Accessible book', 'Drama', 'Fantasy', 'Protected DAISY', 'Juvenile Drama', 'Good and evil']",161000,0.43511372549019606,0.12837579586784245,0.7425149754427356,829978.1567886041
2377,20823,The Wee Free Men,Terry Pratchett,,Fantasy,"['Young Adult Fiction', 'Discworld (Imaginary place)', 'Reading Level-Grade 7', 'Reading Level-Grade 9', 'Fantasy fiction', 'Juvenile fiction', 'Protected DAISY', 'Fairies', 'Fiction', 'Fantasy', 'Witches', 'Reading Level-Grade 8', 'Reading Level-Grade 11', 'Reading Level-Grade 10', 'Reading Level-Grade 12', 'Accessible book']",149625,0.48645627139744796,0.3148506445342314,0.4071942560331934,729001.0138920501
2134,1979130,Morning Star,H. Rider Haggard,,Fantasy,"['Fantasy', 'Accessible book', 'Science Fiction & Fantasy', 'Fiction']",150100,0.3847868479836971,0.27271901015686534,0.5604868593685524,892784.2321197495
2398,1818336,Dragons of the Highlord Skies,Margaret Weis,,Fantasy,"['Fantasy', 'Fiction']",151500,0.44921765353005894,0.5775092806817608,0.4379023685673418,846015.687319831
2076,5548056,The Crock of Gold,James Stephens,,Fantasy,"['Accessible book', 'Fairies', 'Fiction', 'Fantasy', 'Pan (Deity) in literature', 'In literature']",217500,0.49045201712869047,0.2726068143147168,0.21178451852233593,1376412.2256168367
2020,8441376,"The Lion, the Witch and the Wardrobe",C. S. Lewis,,Fantasy,"['English Fantasy fiction', 'juvenile works', 'Winter', 'Science Fiction & Fantasy', 'English Christian fiction', 'Spanish language materials', ""English Children's stories"", 'Fiction', 'Turkish Delight', 'Animals', 'Aslan the Lion (Fictitious character)', 'Good and evil', 'the Blitz', 'Leones', 'Accessible book', 'christianity', 'Narnia (Imaginary place)', 'JUVENILE FICTION / Classics', 'lions', 'Translations from English', 'siblings', 'JUVENILE FICTION / Fantasy & Magic', 'JUVENILE FICTION / Action & Adventure', 'Brujas', 'Magic', 'Open Library Staff Picks', ""Children's stories, English"", 'Fantasy & Magic', 'Ficción juvenil', 'Novela fantástica', 'open_syllabus_project', 'Witches', 'Narnia (Lugar imaginario)', 'Classics', 'Friendship', 'Action & Adventure', 'fauns', 'Fantasy fiction', 'Juvenile fiction', 'Bien y mal', 'Fantasy', 'Lion', 'Fairy tales', 'Protected DAISY', 'Children']",147000,0.6009828197945846,0.3267476750192794,0.3895169228281116,766455.5162061354
2315,6685539,The One Tree,Stephen R. Donaldson,,Fantasy,"['Fantasy fiction', 'Covenant, Thomas (Fictitious character)', 'Fiction', 'Fantasy', 'Protected DAISY', 'Thomas Covenant (Fictitious character)', 'Accessible book']",175000,0.756321904761905,0.38807166313426594,0.4316672292936115,879722.1164833604
